{
  "swagger": "2.0",
  "info": {
    "title": "Category API",
    "version": "1.0.0",
    "description": "API of Category Services"
  },
  "host": "FoodOrderingApp.io",
  "schemes": [
    "http",
    "https"
  ],
  "basePath": "/api",
  "tags":  [
    {
      "name": "API#001 Category",
      "description": "All operations marked with 'API#001 Category' are relevant to the category use case"
    }
  ],
  "paths": {
    "/category": {
      "x-swagger-router-controller": "api",
      "get": {
        "tags": [
          "API#001 Get all categories"
        ],
        "operationId": "getAll",
        "summary": "get all categories",
        "description": "Customer can get a list of all categories available.\n",
        "consumes": [
          "application/json"
        ],
        "produces": [
          "application/json"
        ],
        "responses": {
          "200": {
            "description": "OK - Categories list fetched successfully",
            "schema": {
              "$ref": "#/definitions/CategoriesListResponse"
            }
          },
          "400": {
            "description": "BAD REQUEST - server cannot or will not process the request due to something that is perceived to be a client error (e.g., malformed request syntax, mandatory elements are missing)",
            "headers": {
              "request-id": {
                "type": "string",
                "description": "Used as correlation id while tracing for the request in the backend"
              }
            }
          },
          "401": {
            "description": "UNAUTHORIZED - customer has provided wrong credentials",
            "headers": {
              "request-id": {
                "type": "string",
                "description": "Used as correlation id while tracing for the request in the backend"
              }
            }
          },
          "403": {
            "description": "FORBIDDEN - request has not been applied because client application has no permission to perform action",
            "headers": {
              "request-id": {
                "type": "string",
                "description": "Used as correlation id while tracing for the request in the backend"
              }
            }
          },
          "422": {
            "description": "UNPROCESSABLE ENTITY - request was well-formed but server unable to process due to semantic errors",
            "headers": {
              "request-id": {
                "type": "string",
                "description": "Used as correlation id while tracing for the request flow to the backend"
              }
            }
          },
          "500": {
            "description": "INTERNAL SERVER ERROR - server encountered an unexpected condition that prevented it from fulfilling the request.",
            "headers": {
              "request-id": {
                "type": "string",
                "description": "Used as correlation id while tracing for the request in the backend"
              }
            }
          }
        }
      }
    },
    "/category/{categoryId}": {
      "x-swagger-router-controller": "api",
      "get": {
        "tags": [
          "API#001 Get category by id"
        ],
        "operationId": "getCategoryById",
        "summary": "Get category by id",
        "description": "Customer can get category details by category's id.\n",
        "consumes": [
          "application/json"
        ],
        "produces": [
          "application/json"
        ],
        "parameters": [
          {
            "$ref": "#/parameters/categoryId"
          }
        ],
        "responses": {
          "200": {
            "description": "OK - Category details fetched successfully",
            "schema": {
              "$ref": "#/definitions/CategoryDetailsResponse"
            }
          },
          "400": {
            "description": "BAD REQUEST - server cannot or will not process the request due to something that is perceived to be a client error (e.g., malformed request syntax, mandatory elements are missing)",
            "headers": {
              "request-id": {
                "type": "string",
                "description": "Used as correlation id while tracing for the request in the backend"
              }
            }
          },
          "401": {
            "description": "UNAUTHORIZED - customer has provided wrong credentials",
            "headers": {
              "request-id": {
                "type": "string",
                "description": "Used as correlation id while tracing for the request in the backend"
              }
            }
          },
          "403": {
            "description": "FORBIDDEN - request has not been applied because client application has no permission to perform action",
            "headers": {
              "request-id": {
                "type": "string",
                "description": "Used as correlation id while tracing for the request in the backend"
              }
            }
          },
          "422": {
            "description": "UNPROCESSABLE ENTITY - request was well-formed but server unable to process due to semantic errors",
            "headers": {
              "request-id": {
                "type": "string",
                "description": "Used as correlation id while tracing for the request flow to the backend"
              }
            }
          },
          "500": {
            "description": "INTERNAL SERVER ERROR - server encountered an unexpected condition that prevented it from fulfilling the request.",
            "headers": {
              "request-id": {
                "type": "string",
                "description": "Used as correlation id while tracing for the request in the backend"
              }
            }
          }
        }
      }
    }
  },
  "parameters": {
    "categoryId": {
      "name": "categoryId",
      "type": "string",
      "in": "path",
      "format": "uuid",
      "required": true,
      "description": "Unique identifier of the category in a standard UUID format"
    }
  },
  "definitions": {
    "CategoriesListResponse": {
      "type": "object",
      "properties": {
        "categories": {
          "type": "array",
          "items": {
            "type": "object",
            "$ref": "#/definitions/CategoryListResponse"
          },
          "description": "List of categories"
        }
      }
    },
    "CategoryListResponse": {
      "type": "object",
      "properties": {
        "id": {
          "type": "string",
          "format": "uuid",
          "description": "Unique identifier of the category in a standard UUID format"
        },
        "category_name": {
          "type": "string",
          "description": "Name of the category"
        }
      }
    },
    "CategoryDetailsResponse": {
      "type": "object",
      "properties": {
        "id": {
          "type": "string",
          "format": "uuid",
          "description": "Unique identifier of the category in a standard UUID format"
        },
        "category_name": {
          "type": "string",
          "description": "Name of the category"
        },
        "item_list": {
          "type": "array",
          "items": {
            "type": "object",
            "$ref": "#/definitions/ItemList"
          },
          "description": "List of items"
        }
      }
    },
    "ItemList": {
      "type": "object",
      "properties": {
        "id": {
          "type": "string",
          "format": "uuid",
          "description": "Unique identifier of the item in a standard UUID format"
        },
        "item_name": {
          "type": "string",
          "description": "Name of the item"
        },
        "price": {
          "type": "integer",
          "description": "Price of the item"
        },
        "item_type": {
          "type": "string",
          "enum": [
            "VEG",
            "NON_VEG"
          ]
        }
      }
    },
    "ErrorResponse": {
      "type": "object",
      "properties": {
        "code": {
          "type": "string",
          "description": "Application specific standard error code"
        },
        "message": {
          "type": "string",
          "description": "Error message stating the reason"
        },
        "root_cause": {
          "type": "string",
          "description": "Root cause of the Error"
        }
      },
      "required": [
        "code",
        "message"
      ],
      "example": {
        "code": "CAT-001",
        "message": "Category with this category name does not exist"
      }
    }
  }
}